{
    "name": "laravel/laravel",
    "type": "project",
    "description": "The Laravel Framework.",
    "keywords": [
        "framework",
        "laravel"
    ],
    "license": "MIT",
    "require": {
        "php": "^8.1",
        "cloudinary-labs/cloudinary-laravel": "^2.2",
        "dedoc/scramble": "^0.11.31",
        "guzzlehttp/guzzle": "^7.2",
        "laravel/framework": "^10.0",
        "laravel/sanctum": "^3.2",
        "laravel/tinker": "^2.8",
        "midtrans/midtrans-php": "^2.6",
        "tymon/jwt-auth": "^2.1",
        "fruitcake/laravel-cors": "^2.0"
    },
    "require-dev": {
        "fakerphp/faker": "^1.9.1",
        "laravel/pint": "^1.0",
        "laravel/sail": "^1.18",
        "mockery/mockery": "^1.4.4",
        "nunomaduro/collision": "^7.0",
        "phpunit/phpunit": "^10.0",
        "spatie/laravel-ignition": "^2.0"
    },
    "autoload": {
        "psr-4": {
            "App\\": "app/",
            "Database\\Factories\\": "database/factories/",
            "Database\\Seeders\\": "database/seeders/"
        }
    },
    "autoload-dev": {
        "psr-4": {
            "Tests\\": "tests/"
        }
    },
    "scripts": {
        "post-autoload-dump": [
            "Illuminate\\Foundation\\ComposerScripts::postAutoloadDump",
            "@php artisan package:discover --ansi"
        ],
        "post-update-cmd": [
            "@php artisan vendor:publish --tag=laravel-assets --ansi --force"
        ],
        "post-root-package-install": [
            "@php -r \"file_exists('.env') || copy('.env.example', '.env');\""
        ],
        "post-create-project-cmd": [
            "@php artisan key:generate --ansi"
        ]
    },
    "extra": {
        "branch-alias": {
            "dev-master": "10.x-dev"
        },
        "laravel": {
            "dont-discover": []
        }
    },
    "config": {
        "optimize-autoloader": true,
        "preferred-install": "dist",
        "sort-packages": true,
        "allow-plugins": {
            "pestphp/pest-plugin": true
        }
    },
    "minimum-stability": "stable",
    "prefer-stable": true
}
